rssite,rswhse,rsbaynum,rsloc,rsdesc,qty,createdate,createdby
FP-SP,FBIC-BLDG8,H3,H3-L1-C01-S01,,0,9/26/2025,sa
FP-SP,FBIC-BLDG8,H3,H3-L1-C01-S02,,0,9/26/2025,sa
FP-SP,FBIC-BLDG8,H3,H3-L1-C02-S01,,0,9/26/2025,sa
FP-SP,FBIC-BLDG8,H3,H3-L1-C02-S02,,0,9/26/2025,sa
FP-SP,FBIC-BLDG8,H3,H3-L1-C03-S01,,0,9/26/2025,sa
FP-SP,FBIC-BLDG8,H3,H3-L1-C03-S02,,0,9/26/2025,sa
FP-SP,FBIC-BLDG8,H3,H3-L1-C04-S01,,0,9/26/2025,sa
FP-SP,FBIC-BLDG8,H3,H3-L1-C04-S02,,0,9/26/2025,sa
FP-SP,FBIC-BLDG8,H3,H3-L1-C05-S01,,0,9/26/2025,sa
FP-SP,FBIC-BLDG8,H3,H3-L1-C05-S02,,0,9/26/2025,sa
FP-SP,FBIC-BLDG8,H3,H3-L1-C06-S01,,0,9/26/2025,sa
FP-SP,FBIC-BLDG8,H3,H3-L1-C06-S02,,0,9/26/2025,sa
FP-SP,FBIC-BLDG8,H3,H3-L1-C07-S01,,0,9/26/2025,sa
FP-SP,FBIC-BLDG8,H3,H3-L1-C07-S02,,0,9/26/2025,sa
FP-SP,FBIC-BLDG8,H3,H3-L1-C08-S01,,0,9/26/2025,sa
FP-SP,FBIC-BLDG8,H3,H3-L1-C08-S02,,0,9/26/2025,sa
FP-SP,FBIC-BLDG8,H3,H3-L1-C09-S01,,0,9/26/2025,sa
FP-SP,FBIC-BLDG8,H3,H3-L1-C09-S02,,0,9/26/2025,sa
FP-SP,FBIC-BLDG8,H3,H3-L1-C10-S01,,0,9/26/2025,sa
FP-SP,FBIC-BLDG8,H3,H3-L1-C10-S02,,0,9/26/2025,sa
FP-SP,FBIC-BLDG8,H3,H3-L1-C11-S01,,0,9/26/2025,sa
FP-SP,FBIC-BLDG8,H3,H3-L1-C11-S02,,0,9/26/2025,sa
FP-SP,FBIC-BLDG8,H3,H3-L1-C12-S01,,0,9/26/2025,sa
FP-SP,FBIC-BLDG8,H3,H3-L1-C12-S02,,0,9/26/2025,sa
FP-SP,FBIC-BLDG8,H3,H3-L1-C13-S01,,0,9/26/2025,sa
FP-SP,FBIC-BLDG8,H3,H3-L1-C13-S02,,0,9/26/2025,sa
FP-SP,FBIC-BLDG8,H3,H3-L1-C14-S01,,0,9/26/2025,sa
FP-SP,FBIC-BLDG8,H3,H3-L1-C14-S02,,0,9/26/2025,sa
FP-SP,FBIC-BLDG8,H3,H3-L1-C15-S01,,0,9/26/2025,sa
FP-SP,FBIC-BLDG8,H3,H3-L1-C15-S02,,0,9/26/2025,sa
FP-SP,FBIC-BLDG8,H3,H3-L1-C16-S01,,0,9/26/2025,sa
FP-SP,FBIC-BLDG8,H3,H3-L1-C16-S02,,0,9/26/2025,sa
FP-SP,FBIC-BLDG8,H3,H3-L2-C01-S01,,0,9/26/2025,sa
FP-SP,FBIC-BLDG8,H3,H3-L2-C01-S02,,0,9/26/2025,sa
FP-SP,FBIC-BLDG8,H3,H3-L2-C02-S01,,0,9/26/2025,sa
FP-SP,FBIC-BLDG8,H3,H3-L2-C02-S02,,0,9/26/2025,sa
FP-SP,FBIC-BLDG8,H3,H3-L2-C03-S01,,0,9/26/2025,sa
FP-SP,FBIC-BLDG8,H3,H3-L2-C03-S02,,0,9/26/2025,sa
FP-SP,FBIC-BLDG8,H3,H3-L2-C04-S01,,0,9/26/2025,sa
FP-SP,FBIC-BLDG8,H3,H3-L2-C04-S02,,0,9/26/2025,sa
FP-SP,FBIC-BLDG8,H3,H3-L2-C05-S01,,0,9/26/2025,sa
FP-SP,FBIC-BLDG8,H3,H3-L2-C05-S02,,0,9/26/2025,sa
FP-SP,FBIC-BLDG8,H3,H3-L2-C06-S01,,0,9/26/2025,sa
FP-SP,FBIC-BLDG8,H3,H3-L2-C06-S02,,0,9/26/2025,sa
FP-SP,FBIC-BLDG8,H3,H3-L2-C07-S01,,0,9/26/2025,sa
FP-SP,FBIC-BLDG8,H3,H3-L2-C07-S02,,0,9/26/2025,sa
FP-SP,FBIC-BLDG8,H3,H3-L2-C08-S01,,0,9/26/2025,sa
FP-SP,FBIC-BLDG8,H3,H3-L2-C08-S02,,0,9/26/2025,sa
FP-SP,FBIC-BLDG8,H3,H3-L2-C09-S01,,0,9/26/2025,sa
FP-SP,FBIC-BLDG8,H3,H3-L2-C09-S02,,0,9/26/2025,sa
FP-SP,FBIC-BLDG8,H3,H3-L2-C10-S01,,0,9/26/2025,sa
FP-SP,FBIC-BLDG8,H3,H3-L2-C10-S02,,0,9/26/2025,sa
FP-SP,FBIC-BLDG8,H3,H3-L2-C11-S01,,0,9/26/2025,sa
FP-SP,FBIC-BLDG8,H3,H3-L2-C11-S02,,0,9/26/2025,sa
FP-SP,FBIC-BLDG8,H3,H3-L2-C12-S01,,0,9/26/2025,sa
FP-SP,FBIC-BLDG8,H3,H3-L2-C12-S02,,0,9/26/2025,sa
FP-SP,FBIC-BLDG8,H3,H3-L2-C13-S01,,0,9/26/2025,sa
FP-SP,FBIC-BLDG8,H3,H3-L2-C13-S02,,0,9/26/2025,sa
FP-SP,FBIC-BLDG8,H3,H3-L2-C14-S01,,0,9/26/2025,sa
FP-SP,FBIC-BLDG8,H3,H3-L2-C14-S02,,0,9/26/2025,sa
FP-SP,FBIC-BLDG8,H3,H3-L2-C15-S01,,0,9/26/2025,sa
FP-SP,FBIC-BLDG8,H3,H3-L2-C15-S02,,0,9/26/2025,sa
FP-SP,FBIC-BLDG8,H3,H3-L2-C16-S01,,0,9/26/2025,sa
FP-SP,FBIC-BLDG8,H3,H3-L2-C16-S02,,0,9/26/2025,sa
FP-SP,FBIC-BLDG8,H3,H3-L3-C01-S01,,0,9/26/2025,sa
FP-SP,FBIC-BLDG8,H3,H3-L3-C01-S02,,0,9/26/2025,sa
FP-SP,FBIC-BLDG8,H3,H3-L3-C02-S01,,0,9/26/2025,sa
FP-SP,FBIC-BLDG8,H3,H3-L3-C02-S02,,0,9/26/2025,sa
FP-SP,FBIC-BLDG8,H3,H3-L3-C03-S01,,0,9/26/2025,sa
FP-SP,FBIC-BLDG8,H3,H3-L3-C03-S02,,0,9/26/2025,sa
FP-SP,FBIC-BLDG8,H3,H3-L3-C04-S01,,0,9/26/2025,sa
FP-SP,FBIC-BLDG8,H3,H3-L3-C04-S02,,0,9/26/2025,sa
FP-SP,FBIC-BLDG8,H3,H3-L3-C05-S01,,0,9/26/2025,sa
FP-SP,FBIC-BLDG8,H3,H3-L3-C05-S02,,0,9/26/2025,sa
FP-SP,FBIC-BLDG8,H3,H3-L3-C06-S01,,0,9/26/2025,sa
FP-SP,FBIC-BLDG8,H3,H3-L3-C06-S02,,0,9/26/2025,sa
FP-SP,FBIC-BLDG8,H3,H3-L3-C07-S01,,0,9/26/2025,sa
FP-SP,FBIC-BLDG8,H3,H3-L3-C07-S02,,0,9/26/2025,sa
FP-SP,FBIC-BLDG8,H3,H3-L3-C08-S01,,0,9/26/2025,sa
FP-SP,FBIC-BLDG8,H3,H3-L3-C08-S02,,0,9/26/2025,sa
FP-SP,FBIC-BLDG8,H3,H3-L3-C09-S01,,0,9/26/2025,sa
FP-SP,FBIC-BLDG8,H3,H3-L3-C09-S02,,0,9/26/2025,sa
FP-SP,FBIC-BLDG8,H3,H3-L3-C10-S01,,0,9/26/2025,sa
FP-SP,FBIC-BLDG8,H3,H3-L3-C10-S02,,0,9/26/2025,sa
FP-SP,FBIC-BLDG8,H3,H3-L3-C11-S01,,0,9/26/2025,sa
FP-SP,FBIC-BLDG8,H3,H3-L3-C11-S02,,0,9/26/2025,sa
FP-SP,FBIC-BLDG8,H3,H3-L3-C12-S01,,0,9/26/2025,sa
FP-SP,FBIC-BLDG8,H3,H3-L3-C12-S02,,0,9/26/2025,sa
FP-SP,FBIC-BLDG8,H3,H3-L3-C13-S01,,0,9/26/2025,sa
FP-SP,FBIC-BLDG8,H3,H3-L3-C13-S02,,0,9/26/2025,sa
FP-SP,FBIC-BLDG8,H3,H3-L3-C14-S01,,0,9/26/2025,sa
FP-SP,FBIC-BLDG8,H3,H3-L3-C14-S02,,0,9/26/2025,sa
FP-SP,FBIC-BLDG8,H3,H3-L3-C15-S01,,0,9/26/2025,sa
FP-SP,FBIC-BLDG8,H3,H3-L3-C15-S02,,0,9/26/2025,sa
FP-SP,FBIC-BLDG8,H3,H3-L3-C16-S01,,0,9/26/2025,sa
FP-SP,FBIC-BLDG8,H3,H3-L3-C16-S02,,0,9/26/2025,sa
FP-SP,FBIC-BLDG8,H3,H3-L4-C01-S01,,0,9/26/2025,sa
FP-SP,FBIC-BLDG8,H3,H3-L4-C01-S02,,0,9/26/2025,sa
FP-SP,FBIC-BLDG8,H3,H3-L4-C02-S01,,0,9/26/2025,sa
FP-SP,FBIC-BLDG8,H3,H3-L4-C02-S02,,0,9/26/2025,sa
FP-SP,FBIC-BLDG8,H3,H3-L4-C03-S01,,0,9/26/2025,sa
FP-SP,FBIC-BLDG8,H3,H3-L4-C03-S02,,0,9/26/2025,sa
FP-SP,FBIC-BLDG8,H3,H3-L4-C04-S01,,0,9/26/2025,sa
FP-SP,FBIC-BLDG8,H3,H3-L4-C04-S02,,0,9/26/2025,sa
FP-SP,FBIC-BLDG8,H3,H3-L4-C05-S01,,0,9/26/2025,sa
FP-SP,FBIC-BLDG8,H3,H3-L4-C05-S02,,0,9/26/2025,sa
FP-SP,FBIC-BLDG8,H3,H3-L4-C06-S01,,0,9/26/2025,sa
FP-SP,FBIC-BLDG8,H3,H3-L4-C06-S02,,0,9/26/2025,sa
FP-SP,FBIC-BLDG8,H3,H3-L4-C07-S01,,0,9/26/2025,sa
FP-SP,FBIC-BLDG8,H3,H3-L4-C07-S02,,0,9/26/2025,sa
FP-SP,FBIC-BLDG8,H3,H3-L4-C08-S01,,0,9/26/2025,sa
FP-SP,FBIC-BLDG8,H3,H3-L4-C08-S02,,0,9/26/2025,sa
FP-SP,FBIC-BLDG8,H3,H3-L4-C09-S01,,0,9/26/2025,sa
FP-SP,FBIC-BLDG8,H3,H3-L4-C09-S02,,0,9/26/2025,sa
FP-SP,FBIC-BLDG8,H3,H3-L4-C10-S01,,0,9/26/2025,sa
FP-SP,FBIC-BLDG8,H3,H3-L4-C10-S02,,0,9/26/2025,sa
FP-SP,FBIC-BLDG8,H3,H3-L4-C11-S01,,0,9/26/2025,sa
FP-SP,FBIC-BLDG8,H3,H3-L4-C11-S02,,0,9/26/2025,sa
FP-SP,FBIC-BLDG8,H3,H3-L4-C12-S01,,0,9/26/2025,sa
FP-SP,FBIC-BLDG8,H3,H3-L4-C12-S02,,0,9/26/2025,sa
FP-SP,FBIC-BLDG8,H3,H3-L4-C13-S01,,0,9/26/2025,sa
FP-SP,FBIC-BLDG8,H3,H3-L4-C13-S02,,0,9/26/2025,sa
FP-SP,FBIC-BLDG8,H3,H3-L4-C14-S01,,0,9/26/2025,sa
FP-SP,FBIC-BLDG8,H3,H3-L4-C14-S02,,0,9/26/2025,sa
FP-SP,FBIC-BLDG8,H3,H3-L4-C15-S01,,0,9/26/2025,sa
FP-SP,FBIC-BLDG8,H3,H3-L4-C15-S02,,0,9/26/2025,sa
FP-SP,FBIC-BLDG8,H3,H3-L4-C16-S01,,0,9/26/2025,sa
FP-SP,FBIC-BLDG8,H3,H3-L4-C16-S02,,0,9/26/2025,sa
FP-SP,FBIC-BLDG8,H4,H4-L1-C01-S01,,0,9/26/2025,sa
FP-SP,FBIC-BLDG8,H4,H4-L1-C01-S02,,0,9/26/2025,sa
FP-SP,FBIC-BLDG8,H4,H4-L1-C02-S01,,0,9/26/2025,sa
FP-SP,FBIC-BLDG8,H4,H4-L1-C02-S02,,0,9/26/2025,sa
FP-SP,FBIC-BLDG8,H4,H4-L1-C03-S01,,0,9/26/2025,sa
FP-SP,FBIC-BLDG8,H4,H4-L1-C03-S02,,0,9/26/2025,sa
FP-SP,FBIC-BLDG8,H4,H4-L1-C04-S01,,0,9/26/2025,sa
FP-SP,FBIC-BLDG8,H4,H4-L1-C04-S02,,0,9/26/2025,sa
FP-SP,FBIC-BLDG8,H4,H4-L1-C05-S01,,0,9/26/2025,sa
FP-SP,FBIC-BLDG8,H4,H4-L1-C05-S02,,0,9/26/2025,sa
FP-SP,FBIC-BLDG8,H4,H4-L1-C06-S01,,0,9/26/2025,sa
FP-SP,FBIC-BLDG8,H4,H4-L1-C06-S02,,0,9/26/2025,sa
FP-SP,FBIC-BLDG8,H4,H4-L1-C07-S01,,0,9/26/2025,sa
FP-SP,FBIC-BLDG8,H4,H4-L1-C07-S02,,0,9/26/2025,sa
FP-SP,FBIC-BLDG8,H4,H4-L1-C08-S01,,0,9/26/2025,sa
FP-SP,FBIC-BLDG8,H4,H4-L1-C08-S02,,0,9/26/2025,sa
FP-SP,FBIC-BLDG8,H4,H4-L1-C09-S01,,0,9/26/2025,sa
FP-SP,FBIC-BLDG8,H4,H4-L1-C09-S02,,0,9/26/2025,sa
FP-SP,FBIC-BLDG8,H4,H4-L1-C10-S01,,0,9/26/2025,sa
FP-SP,FBIC-BLDG8,H4,H4-L1-C10-S02,,0,9/26/2025,sa
FP-SP,FBIC-BLDG8,H4,H4-L1-C11-S01,,0,9/26/2025,sa
FP-SP,FBIC-BLDG8,H4,H4-L1-C11-S02,,0,9/26/2025,sa
FP-SP,FBIC-BLDG8,H4,H4-L1-C12-S01,,0,9/26/2025,sa
FP-SP,FBIC-BLDG8,H4,H4-L1-C12-S02,,0,9/26/2025,sa
FP-SP,FBIC-BLDG8,H4,H4-L1-C13-S01,,0,9/26/2025,sa
FP-SP,FBIC-BLDG8,H4,H4-L1-C13-S02,,0,9/26/2025,sa
FP-SP,FBIC-BLDG8,H4,H4-L1-C14-S01,,0,9/26/2025,sa
FP-SP,FBIC-BLDG8,H4,H4-L1-C14-S02,,0,9/26/2025,sa
FP-SP,FBIC-BLDG8,H4,H4-L1-C15-S01,,0,9/26/2025,sa
FP-SP,FBIC-BLDG8,H4,H4-L1-C15-S02,,0,9/26/2025,sa
FP-SP,FBIC-BLDG8,H4,H4-L1-C16-S01,,0,9/26/2025,sa
FP-SP,FBIC-BLDG8,H4,H4-L1-C16-S02,,0,9/26/2025,sa
FP-SP,FBIC-BLDG8,H4,H4-L2-C01-S01,,0,9/26/2025,sa
FP-SP,FBIC-BLDG8,H4,H4-L2-C01-S02,,0,9/26/2025,sa
FP-SP,FBIC-BLDG8,H4,H4-L2-C02-S01,,0,9/26/2025,sa
FP-SP,FBIC-BLDG8,H4,H4-L2-C02-S02,,0,9/26/2025,sa
FP-SP,FBIC-BLDG8,H4,H4-L2-C03-S01,,0,9/26/2025,sa
FP-SP,FBIC-BLDG8,H4,H4-L2-C03-S02,,0,9/26/2025,sa
FP-SP,FBIC-BLDG8,H4,H4-L2-C04-S01,,0,9/26/2025,sa
FP-SP,FBIC-BLDG8,H4,H4-L2-C04-S02,,0,9/26/2025,sa
FP-SP,FBIC-BLDG8,H4,H4-L2-C05-S01,,0,9/26/2025,sa
FP-SP,FBIC-BLDG8,H4,H4-L2-C05-S02,,0,9/26/2025,sa
FP-SP,FBIC-BLDG8,H4,H4-L2-C06-S01,,0,9/26/2025,sa
FP-SP,FBIC-BLDG8,H4,H4-L2-C06-S02,,0,9/26/2025,sa
FP-SP,FBIC-BLDG8,H4,H4-L2-C07-S01,,0,9/26/2025,sa
FP-SP,FBIC-BLDG8,H4,H4-L2-C07-S02,,0,9/26/2025,sa
FP-SP,FBIC-BLDG8,H4,H4-L2-C08-S01,,0,9/26/2025,sa
FP-SP,FBIC-BLDG8,H4,H4-L2-C08-S02,,0,9/26/2025,sa
FP-SP,FBIC-BLDG8,H4,H4-L2-C09-S01,,0,9/26/2025,sa
FP-SP,FBIC-BLDG8,H4,H4-L2-C09-S02,,0,9/26/2025,sa
FP-SP,FBIC-BLDG8,H4,H4-L2-C10-S01,,0,9/26/2025,sa
FP-SP,FBIC-BLDG8,H4,H4-L2-C10-S02,,0,9/26/2025,sa
FP-SP,FBIC-BLDG8,H4,H4-L2-C11-S01,,0,9/26/2025,sa
FP-SP,FBIC-BLDG8,H4,H4-L2-C11-S02,,0,9/26/2025,sa
FP-SP,FBIC-BLDG8,H4,H4-L2-C12-S01,,0,9/26/2025,sa
FP-SP,FBIC-BLDG8,H4,H4-L2-C12-S02,,0,9/26/2025,sa
FP-SP,FBIC-BLDG8,H4,H4-L2-C13-S01,,0,9/26/2025,sa
FP-SP,FBIC-BLDG8,H4,H4-L2-C13-S02,,0,9/26/2025,sa
FP-SP,FBIC-BLDG8,H4,H4-L2-C14-S01,,0,9/26/2025,sa
FP-SP,FBIC-BLDG8,H4,H4-L2-C14-S02,,0,9/26/2025,sa
FP-SP,FBIC-BLDG8,H4,H4-L2-C15-S01,,0,9/26/2025,sa
FP-SP,FBIC-BLDG8,H4,H4-L2-C15-S02,,0,9/26/2025,sa
FP-SP,FBIC-BLDG8,H4,H4-L2-C16-S01,,0,9/26/2025,sa
FP-SP,FBIC-BLDG8,H4,H4-L2-C16-S02,,0,9/26/2025,sa
FP-SP,FBIC-BLDG8,H4,H4-L3-C01-S01,,0,9/26/2025,sa
FP-SP,FBIC-BLDG8,H4,H4-L3-C01-S02,,0,9/26/2025,sa
FP-SP,FBIC-BLDG8,H4,H4-L3-C02-S01,,0,9/26/2025,sa
FP-SP,FBIC-BLDG8,H4,H4-L3-C02-S02,,0,9/26/2025,sa
FP-SP,FBIC-BLDG8,H4,H4-L3-C03-S01,,0,9/26/2025,sa
FP-SP,FBIC-BLDG8,H4,H4-L3-C03-S02,,0,9/26/2025,sa
FP-SP,FBIC-BLDG8,H4,H4-L3-C04-S01,,0,9/26/2025,sa
FP-SP,FBIC-BLDG8,H4,H4-L3-C04-S02,,0,9/26/2025,sa
FP-SP,FBIC-BLDG8,H4,H4-L3-C05-S01,,0,9/26/2025,sa
FP-SP,FBIC-BLDG8,H4,H4-L3-C05-S02,,0,9/26/2025,sa
FP-SP,FBIC-BLDG8,H4,H4-L3-C06-S01,,0,9/26/2025,sa
FP-SP,FBIC-BLDG8,H4,H4-L3-C06-S02,,0,9/26/2025,sa
FP-SP,FBIC-BLDG8,H4,H4-L3-C07-S01,,0,9/26/2025,sa
FP-SP,FBIC-BLDG8,H4,H4-L3-C07-S02,,0,9/26/2025,sa
FP-SP,FBIC-BLDG8,H4,H4-L3-C08-S01,,0,9/26/2025,sa
FP-SP,FBIC-BLDG8,H4,H4-L3-C08-S02,,0,9/26/2025,sa
FP-SP,FBIC-BLDG8,H4,H4-L3-C09-S01,,0,9/26/2025,sa
FP-SP,FBIC-BLDG8,H4,H4-L3-C09-S02,,0,9/26/2025,sa
FP-SP,FBIC-BLDG8,H4,H4-L3-C10-S01,,0,9/26/2025,sa
FP-SP,FBIC-BLDG8,H4,H4-L3-C10-S02,,0,9/26/2025,sa
FP-SP,FBIC-BLDG8,H4,H4-L3-C11-S01,,0,9/26/2025,sa
FP-SP,FBIC-BLDG8,H4,H4-L3-C11-S02,,0,9/26/2025,sa
FP-SP,FBIC-BLDG8,H4,H4-L3-C12-S01,,0,9/26/2025,sa
FP-SP,FBIC-BLDG8,H4,H4-L3-C12-S02,,0,9/26/2025,sa
FP-SP,FBIC-BLDG8,H4,H4-L3-C13-S01,,0,9/26/2025,sa
FP-SP,FBIC-BLDG8,H4,H4-L3-C13-S02,,0,9/26/2025,sa
FP-SP,FBIC-BLDG8,H4,H4-L3-C14-S01,,0,9/26/2025,sa
FP-SP,FBIC-BLDG8,H4,H4-L3-C14-S02,,0,9/26/2025,sa
FP-SP,FBIC-BLDG8,H4,H4-L3-C15-S01,,0,9/26/2025,sa
FP-SP,FBIC-BLDG8,H4,H4-L3-C15-S02,,0,9/26/2025,sa
FP-SP,FBIC-BLDG8,H4,H4-L3-C16-S01,,0,9/26/2025,sa
FP-SP,FBIC-BLDG8,H4,H4-L3-C16-S02,,0,9/26/2025,sa
FP-SP,FBIC-BLDG8,H4,H4-L4-C01-S01,,0,9/26/2025,sa
FP-SP,FBIC-BLDG8,H4,H4-L4-C01-S02,,0,9/26/2025,sa
FP-SP,FBIC-BLDG8,H4,H4-L4-C02-S01,,0,9/26/2025,sa
FP-SP,FBIC-BLDG8,H4,H4-L4-C02-S02,,0,9/26/2025,sa
FP-SP,FBIC-BLDG8,H4,H4-L4-C03-S01,,0,9/26/2025,sa
FP-SP,FBIC-BLDG8,H4,H4-L4-C03-S02,,0,9/26/2025,sa
FP-SP,FBIC-BLDG8,H4,H4-L4-C04-S01,,0,9/26/2025,sa
FP-SP,FBIC-BLDG8,H4,H4-L4-C04-S02,,0,9/26/2025,sa
FP-SP,FBIC-BLDG8,H4,H4-L4-C05-S01,,0,9/26/2025,sa
FP-SP,FBIC-BLDG8,H4,H4-L4-C05-S02,,0,9/26/2025,sa
FP-SP,FBIC-BLDG8,H4,H4-L4-C06-S01,,0,9/26/2025,sa
FP-SP,FBIC-BLDG8,H4,H4-L4-C06-S02,,0,9/26/2025,sa
FP-SP,FBIC-BLDG8,H4,H4-L4-C07-S01,,0,9/26/2025,sa
FP-SP,FBIC-BLDG8,H4,H4-L4-C07-S02,,0,9/26/2025,sa
FP-SP,FBIC-BLDG8,H4,H4-L4-C08-S01,,0,9/26/2025,sa
FP-SP,FBIC-BLDG8,H4,H4-L4-C08-S02,,0,9/26/2025,sa
FP-SP,FBIC-BLDG8,H4,H4-L4-C09-S01,,0,9/26/2025,sa
FP-SP,FBIC-BLDG8,H4,H4-L4-C09-S02,,0,9/26/2025,sa
FP-SP,FBIC-BLDG8,H4,H4-L4-C10-S01,,0,9/26/2025,sa
FP-SP,FBIC-BLDG8,H4,H4-L4-C10-S02,,0,9/26/2025,sa
FP-SP,FBIC-BLDG8,H4,H4-L4-C11-S01,,0,9/26/2025,sa
FP-SP,FBIC-BLDG8,H4,H4-L4-C11-S02,,0,9/26/2025,sa
FP-SP,FBIC-BLDG8,H4,H4-L4-C12-S01,,0,9/26/2025,sa
FP-SP,FBIC-BLDG8,H4,H4-L4-C12-S02,,0,9/26/2025,sa
FP-SP,FBIC-BLDG8,H4,H4-L4-C13-S01,,0,9/26/2025,sa
FP-SP,FBIC-BLDG8,H4,H4-L4-C13-S02,,0,9/26/2025,sa
FP-SP,FBIC-BLDG8,H4,H4-L4-C14-S01,,0,9/26/2025,sa
FP-SP,FBIC-BLDG8,H4,H4-L4-C14-S02,,0,9/26/2025,sa
FP-SP,FBIC-BLDG8,H4,H4-L4-C15-S01,,0,9/26/2025,sa
FP-SP,FBIC-BLDG8,H4,H4-L4-C15-S02,,0,9/26/2025,sa
FP-SP,FBIC-BLDG8,H4,H4-L4-C16-S01,,0,9/26/2025,sa
FP-SP,FBIC-BLDG8,H4,H4-L4-C16-S02,,0,9/26/2025,sa